observableId	simulationConditionId	time	measurement
obs_b	c0	0	1.0219
obs_b	c0	1	1.4442
obs_b	c0	2	1.584
obs_b	c0	3	1.6951
obs_b	c0	4	1.7248999999999999
obs_b	c0	5	1.7242
obs_b	c0	6	1.7398
obs_b	c0	7	1.7506
obs_b	c0	8	1.7843
obs_b	c0	9	1.7768000000000002
obs_b	c0	10	1.7359
